{
  "n_casc": 327,
  "corr_size_risk": -0.27749265882780594,
  "slope_size_risk": -0.0663643453477705,
  "size_min": 1.0,
  "size_max": 324.0,
  "score_min": 7.629767254227772,
  "score_max": 139.0930376648903,
  "timestamp": "2025-11-30T21:28:56Z"
}