{
  "n_casc": 362,
  "corr_size_risk": -0.47507086202058374,
  "slope_size_risk": -0.10983933056551148,
  "size_min": 1.0,
  "size_max": 367.0,
  "score_min": 1.061819085793104,
  "score_max": 143.11865137517452,
  "timestamp": "2025-11-13T21:19:52Z"
}