{
  "n_casc": 335,
  "corr_size_risk": -0.27146564703561177,
  "slope_size_risk": -0.05999186055177783,
  "size_min": 1.0,
  "size_max": 324.0,
  "score_min": 7.427345614414662,
  "score_max": 139.0930376648903,
  "timestamp": "2025-11-13T21:21:21Z"
}