{
  "train_loss": 0.034696314483881,
  "val_loss": 0.03444379195570946,
  "val_accuracy": 0.9980937838554382,
  "precision_at_15": 0.80

}
