{
  "train_loss": 0.03279893472790718,
  "val_loss": 0.031259164214134216,
  "val_accuracy": 0.998044490814209,
  "precision_at_15": 0.80

}
