source_line_1b,target_line_1b,B_ij
505,311,0.368755
505,405,0.351655
505,357,0.338421
505,491,0.336261
505,496,0.335264
